188f2339-1647-4838-8d31-c3694c3dca09,Karen,Rodriguez,karen.rodriguez@mail.com,f5738994-ad3c-4b85-b0c6-d7d161c5255d
18e188b8-e8c0-48d7-a82f-42920305b2f4,Wesley,Miller,wesley.miller@mail.com,e65d6d40-3dc2-4aeb-8a09-f5808fefdcbb
d1187811-016a-4156-94b6-b8c4f5f2a1ed,Maria,Diaz,maria.diaz@mail.com,f5738994-ad3c-4b85-b0c6-d7d161c5255d
3e1a0403-f47d-4319-bfa4-60a6d4a05a69,Tyler,Wilson,tyler.wilson@mail.com,f5738994-ad3c-4b85-b0c6-d7d161c5255d
168ab91d-7d0a-4f82-9ac8-3f1017bf31dc,Robert,Mcneil,robert.mcneil@mail.com,f5738994-ad3c-4b85-b0c6-d7d161c5255d
fad76eb0-fa45-412a-a6b1-c2e400fdd874,Tara,Melton,tara.melton@mail.com,e65d6d40-3dc2-4aeb-8a09-f5808fefdcbb
c3bc9b9e-79af-4105-93f0-39a55b7f8794,Angela,Durham,angela.durham@mail.com,f5738994-ad3c-4b85-b0c6-d7d161c5255d
e00ce8f0-86ab-4563-b1d1-aae4d038c1ba,Crystal,Preston,crystal.preston@mail.com,f5738994-ad3c-4b85-b0c6-d7d161c5255d
dbb3e7dd-0a63-427b-bbe6-5952c66ce5e2,Heather,Williams,heather.williams@mail.com,f5738994-ad3c-4b85-b0c6-d7d161c5255d
835ecb2f-abfa-4520-9516-382479144331,Jonathan,Cox,jonathan.cox@mail.com,f5738994-ad3c-4b85-b0c6-d7d161c5255d
f57d9680-d0a1-4236-8155-e534363a6f08,Michelle,Wells,michelle.wells@mail.com,f5738994-ad3c-4b85-b0c6-d7d161c5255d
32822feb-aff5-4bac-bfe6-73ae7b935ad0,Amanda,Barron,amanda.barron@mail.com,f5738994-ad3c-4b85-b0c6-d7d161c5255d
be971d1b-ffa1-47d7-aa35-46aae83e8604,Wendy,Lane,wendy.lane@mail.com,f5738994-ad3c-4b85-b0c6-d7d161c5255d
bdaaeda7-b1d4-4745-a0f3-007e32477ba5,Melvin,Webb,melvin.webb@mail.com,f5738994-ad3c-4b85-b0c6-d7d161c5255d
8506da4b-9675-4877-b7f5-97f088c43721,Brenda,Brown,brenda.brown@mail.com,f5738994-ad3c-4b85-b0c6-d7d161c5255d
7abf96ca-1bd9-4f50-8024-2d78412d90c2,Crystal,Brown,crystal.brown@mail.com,f5738994-ad3c-4b85-b0c6-d7d161c5255d
ab6fa385-e9c6-44b3-bc9b-eb146dae7ce5,Margaret,Hall,margaret.hall@mail.com,f5738994-ad3c-4b85-b0c6-d7d161c5255d
2a39f179-8fd1-4afd-a946-a1c45352435e,Cody,Ellison,cody.ellison@mail.com,e65d6d40-3dc2-4aeb-8a09-f5808fefdcbb
2899bf2d-cc6d-4af6-90fa-2e1c3820011d,Barry,Thompson,barry.thompson@mail.com,f5738994-ad3c-4b85-b0c6-d7d161c5255d
be1dacf7-13b1-4940-9ec4-37282e69b4e9,Theresa,Rodriguez,theresa.rodriguez@mail.com,f5738994-ad3c-4b85-b0c6-d7d161c5255d
ca6a9df4-9d27-4108-aac3-3231305a48b5,Leslie,Simmons,leslie.simmons@mail.com,f5738994-ad3c-4b85-b0c6-d7d161c5255d
3a355df8-da81-4f20-a1c4-83706507b8c5,April,Silva,april.silva@mail.com,f5738994-ad3c-4b85-b0c6-d7d161c5255d
47745046-fa2d-4ea2-8e68-651a3e2eee48,Tanya,Diaz,tanya.diaz@mail.com,f5738994-ad3c-4b85-b0c6-d7d161c5255d
0fc50dd4-bf34-4dc9-bb31-d47c9080ec6a,Miranda,Brandt,miranda.brandt@mail.com,e65d6d40-3dc2-4aeb-8a09-f5808fefdcbb
ba6dd397-9718-48e1-aa52-5db421457d5b,Seth,Meza,seth.meza@mail.com,222232a2-7817-4013-97ba-caa975834803
13d6e4d9-5f03-4f42-a2cb-1abbecf70900,Charles,Jordan,charles.jordan@mail.com,f5738994-ad3c-4b85-b0c6-d7d161c5255d
76422e9d-1f72-4524-bf98-5a0cbf724ecc,Melissa,Hutchinson,melissa.hutchinson@mail.com,f5738994-ad3c-4b85-b0c6-d7d161c5255d
c6341c1a-6c0f-4316-841d-8d88e5dd5211,Jennifer,Miranda,jennifer.miranda@mail.com,f5738994-ad3c-4b85-b0c6-d7d161c5255d
92d6e007-3366-4976-9105-d77fcf1a3c1d,Joy,Barnes,joy.barnes@mail.com,f5738994-ad3c-4b85-b0c6-d7d161c5255d
e483b34f-1d4a-42f5-9137-a07f2378a3c7,Daniel,Peters,daniel.peters@mail.com,e65d6d40-3dc2-4aeb-8a09-f5808fefdcbb
20bb7e16-f074-468e-b896-9cc099477503,Ashley,Bass,ashley.bass@mail.com,f5738994-ad3c-4b85-b0c6-d7d161c5255d
38284797-b37e-45fe-9f8f-cf7d0a03e06f,Jonathan,Jones,jonathan.jones@mail.com,222232a2-7817-4013-97ba-caa975834803
40992a54-4d65-443b-96d3-af98348f001c,Phillip,Elliott,phillip.elliott@mail.com,f5738994-ad3c-4b85-b0c6-d7d161c5255d
82828353-2e1e-4f5d-825a-68f95c056c6a,Mallory,Duarte,mallory.duarte@mail.com,222232a2-7817-4013-97ba-caa975834803
d63c5f5a-755e-4fb3-8dfb-d94e174ea488,Melanie,Newman,melanie.newman@mail.com,f5738994-ad3c-4b85-b0c6-d7d161c5255d
92c9680e-4e44-4938-a001-c94caa1bd2f3,Ashley,Lee,ashley.lee@mail.com,f5738994-ad3c-4b85-b0c6-d7d161c5255d
6b62c132-63b5-46af-80f7-04e90e696d73,Peter,Duarte,peter.duarte@mail.com,f5738994-ad3c-4b85-b0c6-d7d161c5255d
87fd5054-d6aa-4bad-af61-57724e625274,Logan,Cooper,logan.cooper@mail.com,f5738994-ad3c-4b85-b0c6-d7d161c5255d
84d7d09c-8fb8-4b77-a7e8-b84e7b470551,Steven,Lindsey,steven.lindsey@mail.com,f5738994-ad3c-4b85-b0c6-d7d161c5255d
589a6e88-0383-4369-bebc-cb3a68811c62,Richard,Carroll,richard.carroll@mail.com,f5738994-ad3c-4b85-b0c6-d7d161c5255d
1e6ea0b1-4e5f-4121-8628-e494c01d3806,Timothy,Alvarez,timothy.alvarez@mail.com,f5738994-ad3c-4b85-b0c6-d7d161c5255d
a08ccce0-23df-4dec-85d6-f51996fc54c2,Rachel,Carlson,rachel.carlson@mail.com,f5738994-ad3c-4b85-b0c6-d7d161c5255d
f9a54b2f-2d09-4f36-af8a-bf8c76a74aee,Jeremiah,Miller,jeremiah.miller@mail.com,e65d6d40-3dc2-4aeb-8a09-f5808fefdcbb
68b70f7e-76a5-42e5-bed6-0f4f7c4c8dd4,Tiffany,Simpson,tiffany.simpson@mail.com,f5738994-ad3c-4b85-b0c6-d7d161c5255d
df40e186-fe7c-4a9d-beb7-b109e9e908b1,Jennifer,Bishop,jennifer.bishop@mail.com,e65d6d40-3dc2-4aeb-8a09-f5808fefdcbb
163c06eb-d5c3-458c-99bf-fb784f73a1b4,Samantha,Massey,samantha.massey@mail.com,f5738994-ad3c-4b85-b0c6-d7d161c5255d
01d45c38-6ced-47d6-8e63-70e201648ce1,Nicholas,Oconnor,nicholas.oconnor@mail.com,222232a2-7817-4013-97ba-caa975834803
5b7ee141-1f60-42ec-ae66-a40612e30ddd,Diana,Stewart,diana.stewart@mail.com,f5738994-ad3c-4b85-b0c6-d7d161c5255d
c0b96d8a-ceb4-489e-8d99-6655e4ebbc99,Tim,Dickerson,tim.dickerson@mail.com,f5738994-ad3c-4b85-b0c6-d7d161c5255d
65a5cbf5-f117-4522-b98f-a71b32bed863,Deborah,Kaufman,deborah.kaufman@mail.com,f5738994-ad3c-4b85-b0c6-d7d161c5255d
65fafb90-d58f-4c19-970a-ef2be082a2b8,John,Gonzalez,john.gonzalez@mail.com,f5738994-ad3c-4b85-b0c6-d7d161c5255d